q,residue,gap,count
6,1,4,15834656002
6,1,6,14644725852
6,1,10,17663498098
6,1,12,11965694845
6,1,16,10576414202
6,1,18,9939287130
6,1,22,9888091786
6,1,24,7930913547
6,1,28,8643973149
6,1,30,8347358286
6,1,34,5900013821
6,1,36,5054683210
6,1,40,5994718573
6,1,42,4742517226
6,1,46,3604148120
6,1,48,3221803435
6,1,52,3003793514
6,1,54,2583545777
6,1,58,2433024859
6,1,60,2700587411
6,1,64,1827362932
6,1,66,1789540409
6,1,70,2247338575
6,1,72,1226262648
6,1,76,1145793023
6,1,78,1123699295
6,1,82,893260674
6,1,84,962704219
6,1,88,772368603
6,1,90,827137087
6,1,94,548095540
6,1,96,500047608
6,5,2,15834664864
6,5,6,14644969798
6,5,8,13515180165
6,5,12,11965595134
6,5,14,13597962092
6,5,18,9939411585
6,5,20,11638466671
6,5,24,7930841705
6,5,26,7902711856
6,5,30,8347323654
6,5,32,5582122924
6,5,36,5054692049
6,5,38,4957098866
6,5,42,4742458217
6,5,44,4043811128
6,5,48,3221724631
6,5,50,3862450788
6,5,54,2583539850
6,5,56,2816219681
6,5,60,2700649581
6,5,62,1820731585
6,5,66,1789568396
6,5,68,1546597363
6,5,72,1226284249
6,5,74,1226908423
6,5,78,1123693108
6,5,80,1222788005
6,5,84,962707313
6,5,86,735150147
6,5,90,827135316
6,5,92,587201620
6,5,96,500010026
6,5,98,548858039
30,1,6,5278184025
30,1,10,4683272405
30,1,12,4148498734
30,1,16,3668621192
30,1,18,3238943916
30,1,22,3147358438
30,1,28,2834751349
30,1,30,2059064366
30,1,36,1787761881
30,1,40,1565510032
30,1,42,1651087873
30,1,46,1250023298
30,1,48,1032009200
30,1,52,966396291
30,1,58,781174095
30,1,60,668555840
30,1,66,637992237
30,1,70,590461467
30,1,72,408792112
30,1,76,398334597
30,1,78,351147930
30,1,82,284298371
30,1,88,256488975
30,1,90,206112508
30,1,96,175798403
30,7,4,5278232074
30,7,6,4683286276
30,7,10,4148437902
30,7,12,3668717404
30,7,16,3239102774
30,7,22,3147236298
30,7,24,2403369119
30,7,30,2095997184
30,7,34,1959077394
30,7,36,1614168302
30,7,40,1431860056
30,7,42,1452753542
30,7,46,1104061762
30,7,52,966390949
30,7,54,782717009
30,7,60,677832326
30,7,64,591056759
30,7,66,561305651
30,7,70,533228804
30,7,72,384037625
30,7,76,349112500
30,7,82,284264879
30,7,84,294630117
30,7,90,205779250
30,7,94,179100946
30,7,96,157528980
30,11,2,5278199130
30,11,6,4683323256
30,11,8,4148527428
30,11,12,3668600006
30,11,18,3239016993
30,11,20,2772208437
30,11,26,2658379025
30,11,30,2106683493
30,11,32,1867290013
30,11,36,1652805722
30,11,38,1566092268
30,11,42,1452732874
30,11,48,1032007707
30,11,50,911791040
30,11,56,943881457
30,11,60,671271420
30,11,62,600932510
30,11,66,590266301
30,11,68,471455260
30,11,72,384015339
30,11,78,351155949
30,11,80,293330441
30,11,86,250622709
30,11,90,208384151
30,11,92,194855932
30,11,96,166706272
30,11,98,169811261
30,13,4,5278236052
30,13,6,4683255551
30,13,10,4148479459
30,13,16,3668690236
30,13,18,3143001944
30,13,24,2785464042
30,13,28,2904569204
30,13,30,2085576304
30,13,34,1981836941
30,13,36,1652753027
30,13,40,1431855529
30,13,46,1250063060
30,13,48,1041366965
30,13,54,934232386
30,13,58,825902348
30,13,60,683016541
30,13,64,645280458
30,13,66,590242521
30,13,70,533218734
30,13,76,398345926
30,13,78,370907683
30,13,84,334830445
30,13,88,257933813
30,13,90,206876270
30,13,94,189908225
30,13,96,166720225
30,17,2,5278241947
30,17,6,4683339709
30,17,12,4148482273
30,17,14,4335576999
30,17,20,3047010313
30,17,24,2742003943
30,17,26,2586039655
30,17,30,2085591560
30,17,32,1867304972
30,17,36,1614157836
30,17,42,1651068410
30,17,44,1270492684
30,17,50,1019425889
30,17,54,866619989
30,17,56,928468233
30,17,60,683001385
30,17,62,600941376
30,17,66,561278266
30,17,72,408795709
30,17,74,392339047
30,17,80,318042678
30,17,84,333228969
30,17,86,233901572
30,17,90,206864589
30,17,92,194883313
30,17,96,157544953
30,19,4,5278187876
30,19,10,4683308332
30,19,12,4148478707
30,19,18,3557341270
30,19,22,3593497050
30,19,24,2742080386
30,19,28,2904652596
30,19,30,2106720432
30,19,34,1959099486
30,19,40,1565492956
30,19,42,1638675811
30,19,48,1148427270
30,19,52,1071006274
30,19,54,866596382
30,19,58,825948416
30,19,60,671182704
30,19,64,591025715
30,19,70,590429570
30,19,72,433432911
30,19,78,401643682
30,19,82,324697424
30,19,84,333243657
30,19,88,257945815
30,19,90,208369059
30,19,94,179086369
30,23,6,5278306833
30,23,8,4683347579
30,23,14,4926716152
30,23,18,3557465215
30,23,20,3047005663
30,23,24,2785514654
30,23,26,2658293176
30,23,30,2096026070
30,23,36,1787728491
30,23,38,1695488664
30,23,44,1502863047
30,23,48,1148409851
30,23,50,1019417791
30,23,54,934164362
30,23,56,943869991
30,23,60,677838846
30,23,66,638023829
30,23,68,537542714
30,23,74,442197686
30,23,78,401671560
30,23,80,318050062
30,23,84,334815561
30,23,86,250625866
30,23,90,205779147
30,23,96,175758801
30,23,98,189515074
30,29,2,5278223787
30,29,8,4683305158
30,29,12,4148512855
30,29,14,4335668941
30,29,18,3142929377
30,29,20,2772242258
30,29,24,2403323108
30,29,30,2059022531
30,29,32,1847527939
30,29,38,1695517934
30,29,42,1638656933
30,29,44,1270455397
30,29,48,1041307073
30,29,50,911816068
30,29,54,782755499
30,29,60,668537930
30,29,62,618857699
30,29,68,537599389
30,29,72,433473201
30,29,74,392371690
30,29,78,370865599
30,29,80,293364824
30,29,84,294662783
30,29,90,206107429
30,29,92,197462375
30,29,98,189531704
